browser,url,timestamp,rumSpeedIndex.median,rumSpeedIndex.mean,rumSpeedIndex.stddev,firstPaint.median,firstPaint.mean,firstPaint.stddev,loadEvent.median,loadEvent.mean,loadEvent.stddev,fullyLoaded.median,fullyLoaded.mean,fullyLoaded.stddev,size.median,size.mean,size.stddev,Brave's fully loaded speedup,Brave's Load time speedup,Brave's bandwidth savings,page type
Brave,https://tmz.com,2019-11-02T22:18:08+00:00,3083,3197,227,3083,3197,227,8034,8006,71,8255,8616,601,2502806,2950001,133150.7903,83%,80%,72%,landing
Brave,https://uk.reuters.com,2019-11-02T22:32:13+00:00,2345,2145,360,2345,2145,360,5306,6078,1568,9493,8737,1614,719047,2763212,44080.08654,58%,62%,91%,landing
Brave,https://www.latimes.com/,2019-11-02T23:48:03+00:00,2329,2771,851,2329,2771,851,5065,4834,931,5547,5224,938,874067,1334428.333,61151.21083,57%,36%,61%,landing
Brave,https://www.cnet.com/,2019-11-02T23:54:29+00:00,2476,2700,348,2476,2700,348,3650,4461,1186,8866,9610,1076,1726823,3171113.667,278017.8396,38%,16%,51%,landing
Brave,https://www.yahoo.com,2019-11-03T00:01:52+00:00,2520,2528,421,2520,2528,421,11978,14363,6837,13109,15241,6751,1415887,1425895.667,27101.40552,0%,-15%,15%,landing
Brave,https://www.cnn.com,2019-11-03T00:09:27+00:00,4466,4283,1296,4466,4283,1296,7304,6916,1132,9241,8238,1425,1941672,2565338.667,44249.32254,58%,58%,51%,landing
Brave,https://www.espn.com,2019-11-03T00:23:12+00:00,,,,,,,,,,,,,,6481515.5,586.191522,#DIV/0!,#DIV/0!,#DIV/0!,landing
Brave,https://www.tmz.com/2019/09/03/youtuber-brooke-houts-no-charges-animal-cruelty-dog-abusing-video/,2019-11-03T00:41:33+00:00,2747,2623,190,2747,2623,190,4320,5413,1809,4499,6467,3033,2319882,2324515.667,132098.1051,88%,84%,60%,article
Brave,https://uk.reuters.com/video/2019/09/03/uk-pm-johnson-threatens-election-ahead-o?videoId=595311898&videoChannel=75,2019-11-03T00:53:08+00:00,2932,2719,527,2932,2719,527,5900,6521,1045,9863,9888,939,1125992,1339234.667,73352.38231,18%,35%,45%,article
Brave,https://www.vice.com/en_us/article/qvgnqq/tom-delonges-ufo-research-group-signs-contract-with-us-army-to-develop-far-future-tech,2019-11-03T01:00:13+00:00,3033,3167,460,3033,3167,460,10669,9080,3328,13044,11761,2872,2103888,1988520.667,313835.1467,26%,22%,24%,article
Brave,https://sport.bt.com/football/frank-lampards-chelsea-kids-travel-to-the-original-academy-looking-to-emulate-the-ajax-of-last-season-S11364403422250,2019-11-03T01:08:27+00:00,3450,12207,13271,3450,12207,13271,19178,25611,13204,19348,25784,13206,2909538,3128226.667,251911.3691,-3%,-22%,25%,article
Brave,https://www.salon.com/2019/09/01/planning-an-outdoor-barbecue-for-labor-day-follow-these-pro-tips-from-the-masters-of-the-craft/,2019-11-03T01:16:57+00:00,882,938,106,882,938,106,3071,3306,928,3235,3514,973,1678384,3009570.333,898995.1976,91%,90%,59%,article
Brave,https://www.vice.com,2019-11-02T22:40:40+00:00,2670,2935,400,2670,2935,400,4553,5999,2104,7995,8931,1723,1465251,1699526.667,338181.6755,53%,63%,47%,landing
Brave,https://www.thedailybeast.com/hbos-watchmen-is-a-spectacular-assault-on-white-supremacy,2019-11-03T01:27:11+00:00,1490,1457,58,1490,1457,58,8875,8888,478,9248,9308,474,1666853,1663428,211.395364,57%,50%,42%,article
Brave,https://www.buzzfeed.com/jasminsuknanan/things-to-help-make-your-room-more-adult-even-if-youre?origin=hpp,2019-11-03T01:35:06+00:00,1294,1289,56,1294,1289,56,5330,5489,1050,5521,5686,1054,1268087,2557637.333,91826.12461,65%,-3%,67%,article
Brave,https://www.independent.co.uk/news/world/asia/thai-king-royal-consort-titles-stripped-military-maha-vajiralongkorn-sineenat-a9165091.html,2019-11-03T01:42:43+00:00,1507,1464,139,1507,1464,139,5930,6297,894,11072,11258,287,2267419,5575664.333,1249915.327,78%,86%,78%,article
Brave,https://nypost.com/2019/10/21/dallas-tornado-leaves-damage-devastation-after-tearing-through-texas/,2019-11-03T01:57:32+00:00,2879,2916,674,2879,2916,674,16898,17774,2729,17775,18605,2676,6352315,8082238,632692.7556,70%,68%,68%,article
Brave,https://www.sfgate.com/living/article/Apple-employee-and-Bay-Area-native-cost-of-living-14548437.php,2019-11-03T02:13:46+00:00,2304,2359,181,2298,2356,180,4754,5349,1402,5421,6090,1235,1642503,5393034.333,393826.1688,86%,86%,80%,article
Brave,https://www.latimes.com/california/story/2019-10-21/power-outages-california-pge-and-southern-california-edison-shutoffs-fire-weather,2019-11-03T02:25:07+00:00,2064,2542,805,2064,2542,805,5266,5226,1138,5611,7209,3313,997741,1485489.667,73280.16502,66%,55%,70%,article
Brave,https://www.cnet.com/reviews/jabra-elite-active-65t-review/,2019-11-03T02:32:17+00:00,2337,2302,56,2337,2302,56,3996,4161,270,9553,9752,381,2074807,2208832.667,244603.2106,39%,24%,42%,article
Brave,https://news.yahoo.com/trump-clinton-gabbard-russian-agent-feud-185546791.html,2019-11-03T02:39:51+00:00,2523,2516,334,2523,2516,334,17932,23308,12739,20813,26313,12722,1923906,1977541,6457.620227,10%,-1%,12%,article
Brave,https://www.cnn.com/2019/10/21/middleeast/turkey-erdogan-nuclear-weapons-intl/index.html,2019-11-03T02:48:16+00:00,2977,3482,900,2977,3482,900,8595,9721,2035,8998,10012,2010,2376282,3780939,151482.6319,72%,67%,54%,article
Brave,https://www.espn.com/nba/story/_/id/27844219/nba-preview-2019-rankings-projections-big-questions-all-30-teams,2019-11-03T03:03:29+00:00,,,,,,,,,,,,,,4208756.5,72719.56848,#DIV/0!,#DIV/0!,#DIV/0!,article
Brave,https://sport.bt.com/,2019-11-02T22:48:00+00:00,3127,3415,974,3127,3415,974,6913,7378,1301,8277,8771,707,2140995,2487412.667,2058.208039,21%,16%,20%,landing
Brave,https://www.amazon.com/gcx/The-Halloween-Store/gfhz/events/ref=HWN19_GW_Desk_Bubbler_v1_EN_Store?categoryId=halloween&pf_rd_p=df38492c-e370-4baa-9c52-151952b6ea64&pf_rd_r=QRVJFCHM20T0MEV0CNN2&scrollState=eyJpdGVtSW5kZXgiOjAsInNjcm9sbE9mZnNldCI6LTk2MS4wNzgxMjV9&sectionManagerState=eyJibGFja2xpc3QiOnt9fQ%3D%3D,2019-11-03T03:22:11+00:00,2092,1998,261,2092,1975,239,3930,3651,404,8590,8547,836,2075282,2286056.333,498525.4555,-4%,-17%,6%,ecommerce
Brave,https://www.bestbuy.com/site/electronics/top-deals/pcmcat1563299784494.c?id=pcmcat1563299784494,2019-11-03T03:28:09+00:00,2849,2861,48,2849,2861,48,11784,11899,431,11977,12085,437,3768129,4120419.667,10951.01759,28%,-17%,14%,ecommerce
Brave,https://www.walmart.com/ip/Way-to-Celebrate-Halloween-White-Bag-of-Bones-Decoration-Set-of-12/44429200,2019-11-03T03:35:33+00:00,2590,2835,439,2590,2835,439,5670,6622,1418,9807,9577,1254,2485315,2781570.667,151326.5604,29%,44%,8%,ecommerce
Brave,https://www.target.com/c/halloween/-/N-5xt2o?lnk=Halloweenisalmo,2019-11-03T03:42:29+00:00,1343,1291,134,1343,1291,134,5122,5166,346,8861,8563,465,1853448,1976203.667,16031.73304,38%,40%,18%,ecommerce
Brave,https://www.etsy.com/featured/halloween-costumes-and-decor-ideas?ref=primary_hero,2019-11-03T03:49:14+00:00,2872,2877,61,2872,2877,61,5810,6218,648,6048,6462,664,1775296,1926650.667,60442.52258,42%,30%,15%,ecommerce
Brave,https://www.salon.com/,2019-11-02T22:54:38+00:00,897,952,88,897,952,88,1439,4090,3909,1611,4305,3964,202855,1044110.333,98755.82771,94%,94%,89%,landing
Brave,https://www.thedailybeast.com/,2019-11-02T23:03:45+00:00,1531,1506,137,1531,1506,137,6377,6532,273,6733,6910,269,1650117,4104807.333,420341.1007,48%,28%,32%,landing
Brave,https://www.buzzfeed.com/,2019-11-02T23:10:35+00:00,928,918,71,928,918,71,6506,7803,2859,6796,8084,2855,2318570,3057384.333,18995.90746,64%,60%,41%,landing
Brave,https://www.independent.co.uk/us,2019-11-02T23:18:46+00:00,915,894,35,915,894,35,6783,7281,1044,11048,10810,469,1932966,2467293,101049.6328,52%,61%,55%,landing
Brave,https://nypost.com/,2019-11-02T23:27:18+00:00,2514,2546,263,2514,2546,263,6118,6848,2533,7067,7756,2591,1704149,2673079.667,10886.13459,76%,76%,61%,landing
Brave,https://www.sfgate.com/,2019-11-02T23:36:58+00:00,2585,2423,281,2506,2373,246,6762,6701,157,6968,7193,346,2941111,5165355.333,498556.4165,80%,77%,69%,landing
Chrome,https://tmz.com,2019-11-02T22:20:12+00:00,3263,3325,244,3263,3325,244,38010,42317,13814,42933,46037,14929,6133620,5609879.667,47337.06225,81%,79%,59%,landing
Chrome,https://uk.reuters.com,2019-11-02T22:33:48+00:00,2137,2112,40,2137,2112,40,12784,12867,1079,18767,18645,578,6927518,4810202.333,591258.8574,49%,58%,90%,landing
Chrome,https://www.latimes.com/,2019-11-02T23:49:27+00:00,2128,2100,134,2128,2100,134,7682,8207,827,12441,11572,1248,1912311,1936342.333,122505.3294,55%,34%,54%,landing
Chrome,https://www.cnet.com/,2019-11-02T23:55:55+00:00,2200,2252,92,2200,2252,92,4631,4555,315,11957,11657,693,2697412,3020308,540076.6258,26%,21%,36%,landing
Chrome,https://www.yahoo.com,2019-11-03T00:03:45+00:00,2363,2361,295,2363,2361,295,8960,9874,2470,12452,12790,1927,1413108,1474940,40987.80639,-5%,-34%,0%,landing
Chrome,https://www.cnn.com,2019-11-03T00:11:06+00:00,3221,3322,239,3221,3322,239,15140,17461,3689,19453,21498,3667,3156737,3410090,111824.1685,52%,52%,38%,landing
Chrome,https://www.espn.com,2019-11-03T00:34:52+00:00,2705,2673,47,2606,2541,118,16621,24598,11608,22423,28415,10100,7565651,7547721,10928.73639,,,,landing
Chrome,https://www.tmz.com/2019/09/03/youtuber-brooke-houts-no-charges-animal-cruelty-dog-abusing-video/,2019-11-03T00:43:47+00:00,1127,1533,672,1083,1509,688,31563,28319,7241,53916,44933,15045,4536267,4528575.667,7513.236076,92%,86%,49%,article
Chrome,https://uk.reuters.com/video/2019/09/03/uk-pm-johnson-threatens-election-ahead-o?videoId=595311898&videoChannel=75,2019-11-03T00:54:39+00:00,2343,2494,368,2343,2494,368,8675,8579,382,10546,10554,399,1568530,1575053.333,1040.027083,6%,32%,28%,article
Chrome,https://www.vice.com/en_us/article/qvgnqq/tom-delonges-ufo-research-group-signs-contract-with-us-army-to-develop-far-future-tech,2019-11-03T01:01:48+00:00,2435,2508,131,2435,2508,131,12302,12087,500,15583,15868,1500,2197717,2064101.667,118506.6802,16%,13%,4%,article
Chrome,https://sport.bt.com/football/frank-lampards-chelsea-kids-travel-to-the-original-academy-looking-to-emulate-the-ajax-of-last-season-S11364403422250,2019-11-03T01:10:24+00:00,2401,2399,42,2401,2399,42,15215,15029,478,18072,18202,1744,3345818,3416947.333,260.315834,-7%,-26%,13%,article
Chrome,https://www.salon.com/2019/09/01/planning-an-outdoor-barbecue-for-labor-day-follow-these-pro-tips-from-the-masters-of-the-craft/,2019-11-03T01:18:39+00:00,875,930,117,874,930,117,27013,27269,953,31481,31092,973,2477580,4406672,3076083.396,90%,89%,32%,article
Chrome,https://www.vice.com,2019-11-02T22:42:06+00:00,2591,2574,104,2591,2574,104,11367,11253,522,16391,15269,1848,2462328,2234591.667,197430.0522,51%,60%,40%,landing
Chrome,https://www.thedailybeast.com/hbos-watchmen-is-a-spectacular-assault-on-white-supremacy,2019-11-03T01:28:54+00:00,1514,1516,176,1514,1516,176,16535,16846,597,19693,19732,1430,2122826,6169336.333,3007226.876,53%,46%,21%,article
Chrome,https://www.buzzfeed.com/jasminsuknanan/things-to-help-make-your-room-more-adult-even-if-youre?origin=hpp,2019-11-03T01:36:41+00:00,1285,1295,23,1285,1295,23,15003,15175,298,20011,19524,757,2293442,4634066,3487676.893,72%,64%,45%,article
Chrome,https://www.independent.co.uk/news/world/asia/thai-king-royal-consort-titles-stripped-military-maha-vajiralongkorn-sineenat-a9165091.html,2019-11-03T01:44:51+00:00,1159,1201,89,1159,1201,89,49217,48852,3372,55404,55283,3630,8615177,8352807.667,429114.9536,80%,88%,74%,article
Chrome,https://nypost.com/2019/10/21/dallas-tornado-leaves-damage-devastation-after-tearing-through-texas/,2019-11-03T01:59:55+00:00,2460,2464,143,2460,2464,143,37688,37487,4282,42592,42377,3539,15624148,17540592,6602259.029,58%,55%,59%,article
Chrome,https://www.sfgate.com/living/article/Apple-employee-and-Bay-Area-native-cost-of-living-14548437.php,2019-11-03T02:15:31+00:00,3283,3295,34,3283,3295,34,33374,38105,10407,38975,42783,10158,7083545,6918601,46637.35244,86%,86%,77%,article
Chrome,https://www.latimes.com/california/story/2019-10-21/power-outages-california-pge-and-southern-california-edison-shutoffs-fire-weather,2019-11-03T02:26:38+00:00,1866,1939,131,1866,1920,149,10202,11171,1595,14657,13935,1154,2816580,2846652.333,70187.81967,62%,48%,65%,article
Chrome,https://www.cnet.com/reviews/jabra-elite-active-65t-review/,2019-11-03T02:33:45+00:00,2339,2338,179,2339,2338,179,3900,5441,2286,14208,14631,600,2979318,2954345.667,3235.534165,33%,-2%,30%,article
Chrome,https://news.yahoo.com/trump-clinton-gabbard-russian-agent-feud-185546791.html,2019-11-03T02:41:44+00:00,2457,2482,174,2457,2482,174,15308,18849,9896,20658,23542,9867,2156835,2317081.333,273834.212,-1%,-17%,11%,article
Chrome,https://www.cnn.com/2019/10/21/middleeast/turkey-erdogan-nuclear-weapons-intl/index.html,2019-11-03T02:50:16+00:00,2934,3080,526,2934,3080,526,29554,39939,23934,35199,45675,24599,4320009,4608116.333,276546.1673,74%,71%,45%,article
Chrome,https://www.espn.com/nba/story/_/id/27844219/nba-preview-2019-rankings-projections-big-questions-all-30-teams,2019-11-03T03:14:48+00:00,2695,2960,500,2695,2960,500,19861,20445,1305,25805,26290,1307,12743727,7715243.667,2588834.897,,,,article
Chrome,https://sport.bt.com/,2019-11-02T22:49:33+00:00,2461,2374,180,2461,2374,180,7541,7186,1218,9303,9094,1307,2548391,2487091.333,2751.428417,11%,8%,16%,landing
Chrome,https://www.amazon.com/gcx/The-Halloween-Store/gfhz/events/ref=HWN19_GW_Desk_Bubbler_v1_EN_Store?categoryId=halloween&pf_rd_p=df38492c-e370-4baa-9c52-151952b6ea64&pf_rd_r=QRVJFCHM20T0MEV0CNN2&scrollState=eyJpdGVtSW5kZXgiOjAsInNjcm9sbE9mZnNldCI6LTk2MS4wNzgxMjV9&sectionManagerState=eyJibGFja2xpc3QiOnt9fQ%3D%3D,2019-11-03T03:23:29+00:00,1799,1794,8,1799,1794,8,3553,3551,80,7922,8140,308,1984476,2574163.667,492148.3693,-8%,-11%,-5%,ecommerce
Chrome,https://www.bestbuy.com/site/electronics/top-deals/pcmcat1563299784494.c?id=pcmcat1563299784494,2019-11-03T03:29:56+00:00,2464,2575,176,2464,2575,176,11916,12101,557,17459,17965,933,4132237,4124573,2209.110454,31%,1%,9%,ecommerce
Chrome,https://www.walmart.com/ip/Way-to-Celebrate-Halloween-White-Bag-of-Bones-Decoration-Set-of-12/44429200,2019-11-03T03:37:03+00:00,3098,3070,232,3098,3070,232,9654,10262,1252,13670,13782,644,3025512,3020688.333,36287.21359,28%,41%,18%,ecommerce
Chrome,https://www.target.com/c/halloween/-/N-5xt2o?lnk=Halloweenisalmo,2019-11-03T03:44:08+00:00,1071,1040,68,1071,1040,68,13025,12880,6261,18455,16990,6233,1960552,1886478,60228.27865,52%,61%,5%,ecommerce
Chrome,https://www.etsy.com/featured/halloween-costumes-and-decor-ideas?ref=primary_hero,2019-11-03T03:50:44+00:00,3018,3037,131,3018,3037,131,9656,9531,272,10073,11573,2580,1920914,1955374.667,49395.45179,40%,40%,8%,ecommerce
Chrome,https://www.salon.com/,2019-11-02T22:56:19+00:00,904,937,61,904,937,61,22968,29699,11442,26333,32943,11523,1218022,1139739.333,149143.2718,94%,94%,83%,landing
Chrome,https://www.thedailybeast.com/,2019-11-02T23:05:16+00:00,1558,1568,265,1558,1568,265,8167,8354,751,11354,10779,838,2239649,7217267.333,1073349.135,41%,22%,26%,landing
Chrome,https://www.buzzfeed.com/,2019-11-02T23:12:17+00:00,1281,1099,267,824,845,110,16307,15629,1289,16485,15817,1285,3395774,3096639,16531.37838,59%,60%,32%,landing
Chrome,https://www.independent.co.uk/us,2019-11-02T23:20:25+00:00,751,750,11,751,750,11,19477,18069,2190,24681,22535,3397,3730504,3315753,275929.8677,55%,65%,48%,landing
Chrome,https://nypost.com/,2019-11-02T23:29:06+00:00,2495,2900,589,2495,2900,589,23559,23542,794,26356,26705,1861,3304312,2993021.333,154545.6533,73%,74%,48%,landing
Chrome,https://www.sfgate.com/,2019-11-02T23:38:41+00:00,4419,4510,415,4086,4171,177,24838,24626,2128,29123,29388,1856,7818367,7208323,3000262.819,76%,73%,62%,landing
Firefox,https://tmz.com,2019-11-02T22:24:08+00:00,2338,2457,257,4368,4348,225,44247,45516,6090,55538,58299,5071,17239850,16115433.67,401001.2509,85%,82%,85%,landing
Firefox,https://uk.reuters.com,2019-11-02T22:36:12+00:00,772,883,307,729,729,100,15138,17365,3802,29226,28390,5077,10524079,9071509.667,2463237.981,68%,65%,93%,landing
Firefox,https://www.latimes.com/,2019-11-02T23:51:08+00:00,561,651,139,1854,1866,68,8192,8398,542,13203,13211,136,2757591,2762937,250445.9604,58%,38%,68%,landing
Firefox,https://www.cnet.com/,2019-11-02T23:57:55+00:00,1106,1156,86,2650,2594,106,4102,10041,8452,18025,20515,5537,5190120,6745863.333,445066.9576,51%,11%,67%,landing
Firefox,https://www.yahoo.com,2019-11-03T00:05:28+00:00,941,860,206,4850,5699,2532,12537,11376,2242,13830,13107,2085,2052394,2122452.333,55716.46762,5%,4%,31%,landing
Firefox,https://www.cnn.com,2019-11-03T00:13:24+00:00,695,926,332,1783,1791,18,20480,31244,16434,25571,36539,16617,5422686,5558941.667,131995.9718,64%,64%,64%,landing
Firefox,https://www.espn.com,2019-11-03T00:37:06+00:00,1602,1575,147,3186,3281,320,17304,17410,188,23710,23611,445,8614050,8653499.333,18678.23756,,,,landing
Firefox,https://www.tmz.com/2019/09/03/youtuber-brooke-houts-no-charges-animal-cruelty-dog-abusing-video/,2019-11-03T00:46:47+00:00,901,883,161,2899,2797,146,23202,23883,2549,28690,30277,3581,8178245,9164874.667,656433.9057,84%,81%,72%,article
Firefox,https://uk.reuters.com/video/2019/09/03/uk-pm-johnson-threatens-election-ahead-o?videoId=595311898&videoChannel=75,2019-11-03T00:56:23+00:00,1337,1066,387,2716,2734,254,9494,10884,2994,13902,15401,3079,3023998,3035407,3308.092048,29%,38%,63%,article
Firefox,https://www.vice.com/en_us/article/qvgnqq/tom-delonges-ufo-research-group-signs-contract-with-us-army-to-develop-far-future-tech,2019-11-03T01:03:46+00:00,1370,1372,327,2931,3247,594,15537,15073,717,20034,20022,529,3680029,4497329.667,215580.2475,35%,31%,43%,article
Firefox,https://sport.bt.com/football/frank-lampards-chelsea-kids-travel-to-the-original-academy-looking-to-emulate-the-ajax-of-last-season-S11364403422250,2019-11-03T01:12:29+00:00,1922,1808,213,4031,13392,13589,16155,25103,13075,19401,27842,12752,4629859,4702820.667,3342.891164,0%,-19%,37%,article
Firefox,https://www.salon.com/2019/09/01/planning-an-outdoor-barbecue-for-labor-day-follow-these-pro-tips-from-the-masters-of-the-craft/,2019-11-03T01:21:32+00:00,1085,1340,430,1103,1379,401,34121,38100,5638,39403,41972,5052,11404374,11867265.67,336234.6081,92%,91%,85%,article
Firefox,https://www.vice.com,2019-11-02T22:44:02+00:00,882,882,6,2833,3042,359,13174,12962,444,17841,17864,253,3130253,2822426.333,267306.5478,55%,65%,53%,landing
Firefox,https://www.thedailybeast.com/hbos-watchmen-is-a-spectacular-assault-on-white-supremacy,2019-11-03T01:30:55+00:00,677,734,92,775,833,99,19428,15747,5340,23963,20692,4839,4502445,8264038.667,2973888.87,61%,54%,63%,article
Firefox,https://www.buzzfeed.com/jasminsuknanan/things-to-help-make-your-room-more-adult-even-if-youre?origin=hpp,2019-11-03T01:38:36+00:00,1087,1253,269,1425,1437,18,3145,8439,7503,12780,16500,6626,11077727,3702886.667,131961.752,57%,-69%,89%,article
Firefox,https://www.independent.co.uk/news/world/asia/thai-king-royal-consort-titles-stripped-military-maha-vajiralongkorn-sineenat-a9165091.html,2019-11-03T01:49:46+00:00,685,638,86,874,847,58,39006,47244,16863,47119,56930,17997,12789823,13045460.33,512564.1017,77%,85%,82%,article
Firefox,https://nypost.com/2019/10/21/dallas-tornado-leaves-damage-devastation-after-tearing-through-texas/,2019-11-03T02:04:36+00:00,1678,1632,447,3540,3662,766,86366,79221,15417,92920,100169,11960,26517691,32610740,11791939.61,81%,80%,76%,article
Firefox,https://www.sfgate.com/living/article/Apple-employee-and-Bay-Area-native-cost-of-living-14548437.php,2019-11-03T02:19:01+00:00,1039,1004,104,1168,1179,17,34278,38233,7482,38401,42832,6917,9320913,9477921.667,155985.954,86%,86%,82%,article
Firefox,https://www.latimes.com/california/story/2019-10-21/power-outages-california-pge-and-southern-california-edison-shutoffs-fire-weather,2019-11-03T02:28:34+00:00,1304,1191,323,1785,2040,364,13841,13830,534,19046,18451,1653,4074817,4110759,81246.27366,71%,62%,76%,article
Firefox,https://www.cnet.com/reviews/jabra-elite-active-65t-review/,2019-11-03T02:35:42+00:00,932,984,81,2358,2403,82,8026,7978,115,17594,17230,1259,4407742,4399498.333,99686.76209,46%,50%,53%,article
Firefox,https://news.yahoo.com/trump-clinton-gabbard-russian-agent-feud-185546791.html,2019-11-03T02:44:01+00:00,715,724,145,6548,5398,2289,21128,20321,3789,26101,24843,2366,2222905,2781070.667,1129820.584,20%,15%,13%,article
Firefox,https://www.cnn.com/2019/10/21/middleeast/turkey-erdogan-nuclear-weapons-intl/index.html,2019-11-03T02:53:46+00:00,854,841,25,2917,2917,31,23021,24154,2899,29532,30843,2280,6595852,9244710.667,4153798.277,70%,63%,64%,article
Firefox,https://www.espn.com/nba/story/_/id/27844219/nba-preview-2019-rankings-projections-big-questions-all-30-teams,2019-11-03T03:17:19+00:00,581,637,84,3240,3227,152,22266,22009,965,28354,28176,1047,15471062,9985315.667,1877526.61,,,,article
Firefox,https://sport.bt.com/,2019-11-02T22:51:18+00:00,1772,1633,319,3460,3402,275,9049,11028,3753,12146,14262,4556,2853812,2794950.667,2950.820959,32%,24%,25%,landing
Firefox,https://www.amazon.com/gcx/The-Halloween-Store/gfhz/events/ref=HWN19_GW_Desk_Bubbler_v1_EN_Store?categoryId=halloween&pf_rd_p=df38492c-e370-4baa-9c52-151952b6ea64&pf_rd_r=QRVJFCHM20T0MEV0CNN2&scrollState=eyJpdGVtSW5kZXgiOjAsInNjcm9sbE9mZnNldCI6LTk2MS4wNzgxMjV9&sectionManagerState=eyJibGFja2xpc3QiOnt9fQ%3D%3D,2019-11-03T03:24:58+00:00,809,771,75,1894,2056,259,3180,3862,967,8551,9803,1790,2464086,2642773.667,366501.9886,0%,-24%,16%,ecommerce
Firefox,https://www.bestbuy.com/site/electronics/top-deals/pcmcat1563299784494.c?id=pcmcat1563299784494,2019-11-03T03:31:52+00:00,1393,1362,62,3136,3087,153,8692,8462,736,15953,15555,709,4621516,4652421.667,47475.19249,25%,-36%,18%,ecommerce
Firefox,https://www.walmart.com/ip/Way-to-Celebrate-Halloween-White-Bag-of-Bones-Decoration-Set-of-12/44429200,2019-11-03T03:38:51+00:00,1217,1323,179,2892,2959,347,10569,10793,957,14018,13996,309,2416587,2421937.667,12021.19534,30%,46%,-3%,ecommerce
Firefox,https://www.target.com/c/halloween/-/N-5xt2o?lnk=Halloweenisalmo,2019-11-03T03:45:51+00:00,927,1341,596,1199,1603,610,6406,6891,735,11601,12252,1160,2670269,2513041,217940.727,24%,20%,31%,ecommerce
Firefox,https://www.etsy.com/featured/halloween-costumes-and-decor-ideas?ref=primary_hero,2019-11-03T03:52:26+00:00,2301,2265,66,3266,3225,66,7213,7541,801,10888,10738,1063,2269050,2166636.667,8995.586492,44%,19%,22%,ecommerce
Firefox,https://www.salon.com/,2019-11-02T22:59:11+00:00,933,926,33,1084,1087,10,21838,22025,1088,26708,27021,766,4340223,4846301.667,513433.3781,94%,93%,95%,landing
Firefox,https://www.thedailybeast.com/,2019-11-02T23:06:58+00:00,886,843,110,764,843,112,9580,9015,1096,15310,14738,1119,2611067,16825216.33,1064685.222,56%,33%,37%,landing
Firefox,https://www.buzzfeed.com/,2019-11-02T23:14:22+00:00,1040,1201,231,1248,1248,1,16624,14783,2931,21464,18243,4754,4649870,4591933,371108.8102,68%,61%,50%,landing
Firefox,https://www.independent.co.uk/us,2019-11-02T23:22:44+00:00,717,739,45,931,925,20,15375,15568,1806,21960,21371,1965,5115082,6864608,50286.87492,50%,56%,62%,landing
Firefox,https://nypost.com/,2019-11-02T23:31:51+00:00,1182,1182,96,3419,3877,999,28160,29083,1402,33333,33675,826,6340736,6147917,875391.1823,79%,78%,73%,landing
Firefox,https://www.sfgate.com/,2019-11-02T23:41:52+00:00,1832,1936,485,1376,1392,29,36223,34503,4024,41404,39288,4440,11961068,11731658,320308.3672,83%,81%,75%,landing
Opera,https://tmz.com,2019-11-02T22:29:18+00:00,3621,3647,121,3621,3647,121,60764,53228,10899,64047,57485,10190,7277237,5644754.333,30911.094,87%,87%,66%,landing
Opera,https://uk.reuters.com,2019-11-02T22:38:57+00:00,1906,1863,121,1906,1863,121,11003,12022,1497,17015,17239,1507,4159794,5065342.667,905357.8568,44%,52%,83%,landing
Opera,https://www.latimes.com/,2019-11-02T23:53:01+00:00,2026,2044,76,2026,2044,76,7580,7548,172,12178,12244,141,1835394,1858433.667,177620.1303,54%,33%,52%,landing
Opera,https://www.cnet.com/,2019-11-03T00:00:14+00:00,2339,2283,91,2339,2283,91,5289,5399,1216,14310,16681,4905,2848155,3281694.667,120158.9442,38%,31%,39%,landing
Opera,https://www.yahoo.com,2019-11-03T00:07:22+00:00,2166,2395,474,2166,2395,474,15857,20338,10320,19242,23965,10840,1409700,1405191,5196.343233,32%,24%,0%,landing
Opera,https://www.cnn.com,2019-11-03T00:16:36+00:00,3528,3502,89,3528,3502,89,14608,14726,907,19941,19247,1128,3138687,3387410.333,113952.4769,54%,50%,38%,landing
Opera,https://www.espn.com,2019-11-03T00:39:48+00:00,2525,2513,157,2375,2405,88,15967,17234,3002,19953,21573,4143,7467337,7567619,25321.23376,100%,100%,100%,landing
Opera,https://www.tmz.com/2019/09/03/youtuber-brooke-houts-no-charges-animal-cruelty-dog-abusing-video/,2019-11-03T00:49:33+00:00,1244,1426,460,1213,1409,471,50091,40192,15090,72859,57465,23898,9809425,4608504,125017.4714,94%,91%,76%,article
Opera,https://uk.reuters.com/video/2019/09/03/uk-pm-johnson-threatens-election-ahead-o?videoId=595311898&videoChannel=75,2019-11-03T00:58:31+00:00,2225,2214,74,2225,2214,74,8276,9307,1613,10399,11661,1877,1563604,1575043.667,309.648726,5%,29%,28%,article
Opera,https://www.vice.com/en_us/article/qvgnqq/tom-delonges-ufo-research-group-signs-contract-with-us-army-to-develop-far-future-tech,2019-11-03T01:06:06+00:00,2953,2967,204,2953,2967,204,13801,13340,843,18654,18236,619,1998971,2130225.667,97526.4246,30%,23%,-5%,article
Opera,https://sport.bt.com/football/frank-lampards-chelsea-kids-travel-to-the-original-academy-looking-to-emulate-the-ajax-of-last-season-S11364403422250,2019-11-03T01:15:14+00:00,2654,2658,146,2654,2658,146,15028,15009,86,16851,17032,356,3342140,3425023,2086.000719,-15%,-28%,13%,article
Opera,https://www.salon.com/2019/09/01/planning-an-outdoor-barbecue-for-labor-day-follow-these-pro-tips-from-the-masters-of-the-craft/,2019-11-03T01:25:01+00:00,852,889,53,852,878,62,26014,26818,1408,29497,30645,1785,2490129,2522251,38994.40754,89%,88%,33%,article
Opera,https://www.vice.com,2019-11-02T22:46:15+00:00,3223,3277,308,3223,3277,308,13954,13094,1279,18281,17302,1763,2455007,2242728.333,187649.36,56%,67%,40%,landing
Opera,https://www.thedailybeast.com/hbos-watchmen-is-a-spectacular-assault-on-white-supremacy,2019-11-03T01:33:17+00:00,1313,1423,164,1313,1423,164,16551,14325,3892,18014,16734,4216,2103149,6169820,2984729.139,49%,46%,21%,article
Opera,https://www.buzzfeed.com/jasminsuknanan/things-to-help-make-your-room-more-adult-even-if-youre?origin=hpp,2019-11-03T01:40:56+00:00,1218,1240,37,1218,1240,37,14761,14743,723,18358,18477,298,2291271,4301737.667,3015534.037,70%,64%,45%,article
Opera,https://www.independent.co.uk/news/world/asia/thai-king-royal-consort-titles-stripped-military-maha-vajiralongkorn-sineenat-a9165091.html,2019-11-03T01:54:56+00:00,1184,1156,44,1094,1113,58,38007,57149,33697,44461,62999,33624,8681655,8485164.667,368173.0011,75%,84%,74%,article
Opera,https://nypost.com/2019/10/21/dallas-tornado-leaves-damage-devastation-after-tearing-through-texas/,2019-11-03T02:11:10+00:00,3303,3199,176,3303,3199,176,38305,38274,453,43105,42811,788,14808038,14008290,1546577.088,59%,56%,57%,article
Opera,https://www.sfgate.com/living/article/Apple-employee-and-Bay-Area-native-cost-of-living-14548437.php,2019-11-03T02:22:36+00:00,3230,3229,35,3230,3229,35,30146,35073,8097,35507,39323,8101,7154675,7030043.333,228493.268,85%,84%,77%,article
Opera,https://www.latimes.com/california/story/2019-10-21/power-outages-california-pge-and-southern-california-edison-shutoffs-fire-weather,2019-11-03T02:30:41+00:00,1976,2069,158,1976,2069,158,10580,11546,1401,15270,15922,982,3091878,2678236.667,188771.4168,63%,50%,68%,article
Opera,https://www.cnet.com/reviews/jabra-elite-active-65t-review/,2019-11-03T02:37:49+00:00,2505,2416,207,2505,2416,207,4052,4106,607,11362,11581,778,2669366,2856723.333,114135.1674,16%,1%,22%,article
Opera,https://news.yahoo.com/trump-clinton-gabbard-russian-agent-feud-185546791.html,2019-11-03T02:46:22+00:00,2386,2525,213,2386,2525,213,11247,15630,7645,16553,18982,7336,1950496,1976670.667,26828.56299,-26%,-59%,1%,article
Opera,https://www.cnn.com/2019/10/21/middleeast/turkey-erdogan-nuclear-weapons-intl/index.html,2019-11-03T02:56:38+00:00,2754,2782,275,2754,2782,275,22685,21221,2126,27886,26311,2337,4366339,4512181.333,517274.4855,68%,62%,46%,article
Opera,https://www.espn.com/nba/story/_/id/27844219/nba-preview-2019-rankings-projections-big-questions-all-30-teams,2019-11-03T03:20:15+00:00,2978,3076,683,2978,3076,683,22242,20632,2350,27918,26518,2154,9299974,4107425,9375.89953,100%,100%,100%,article
Opera,https://sport.bt.com/,2019-11-02T22:53:11+00:00,2333,2833,743,2333,2833,743,8483,8467,637,10872,10479,643,2574335,2515208.667,282.66647,24%,19%,17%,landing
Opera,https://www.amazon.com/gcx/The-Halloween-Store/gfhz/events/ref=HWN19_GW_Desk_Bubbler_v1_EN_Store?categoryId=halloween&pf_rd_p=df38492c-e370-4baa-9c52-151952b6ea64&pf_rd_r=QRVJFCHM20T0MEV0CNN2&scrollState=eyJpdGVtSW5kZXgiOjAsInNjcm9sbE9mZnNldCI6LTk2MS4wNzgxMjV9&sectionManagerState=eyJibGFja2xpc3QiOnt9fQ%3D%3D,2019-11-03T03:26:40+00:00,1735,1752,110,1735,1752,110,3538,3598,108,7851,8215,794,1979793,2351311.333,409843.0821,-9%,-11%,-5%,ecommerce
Opera,https://www.bestbuy.com/site/electronics/top-deals/pcmcat1563299784494.c?id=pcmcat1563299784494,2019-11-03T03:33:56+00:00,2597,2566,60,2597,2566,60,9036,8967,257,14278,14536,516,4097271,4100205,717.145034,16%,-30%,8%,ecommerce
Opera,https://www.walmart.com/ip/Way-to-Celebrate-Halloween-White-Bag-of-Bones-Decoration-Set-of-12/44429200,2019-11-03T03:40:54+00:00,3200,3061,326,3200,3061,326,9469,9764,424,13474,13599,216,3061038,3060249.667,10490.54514,27%,40%,19%,ecommerce
Opera,https://www.target.com/c/halloween/-/N-5xt2o?lnk=Halloweenisalmo,2019-11-03T03:47:42+00:00,1187,1210,101,1187,1210,101,5809,7812,3517,11222,12206,3432,1960802,2028457.333,93671.30154,21%,12%,5%,ecommerce
Opera,https://www.etsy.com/featured/halloween-costumes-and-decor-ideas?ref=primary_hero,2019-11-03T03:54:12+00:00,2734,2845,301,2734,2845,301,8493,8350,393,8776,8630,391,1902314,1998510.333,13408.14888,31%,32%,7%,ecommerce
Opera,https://www.salon.com/,2019-11-02T23:01:49+00:00,894,914,72,894,914,72,19715,19313,673,22968,22817,523,1329720,1189023,37029.57503,93%,93%,85%,landing
Opera,https://www.thedailybeast.com/,2019-11-02T23:09:01+00:00,1348,1532,360,1348,1532,360,9414,11730,3725,10856,12761,3281,2234559,8987378.667,1557997.576,38%,32%,26%,landing
Opera,https://www.buzzfeed.com/,2019-11-02T23:16:51+00:00,1426,1564,238,980,985,12,17314,18316,2145,17487,18487,2148,3267746,3174057,100401.0522,61%,62%,29%,landing
Opera,https://www.independent.co.uk/us,2019-11-02T23:25:20+00:00,924,869,87,924,869,87,24491,22871,6430,29788,27360,7131,2910479,3461624.667,200204.1874,63%,72%,34%,landing
Opera,https://nypost.com/,2019-11-02T23:35:00+00:00,2469,2523,115,2469,2523,115,18797,19589,1215,21713,22636,1748,3031084,2877177.667,73058.87196,67%,67%,44%,landing
Opera,https://www.sfgate.com/,2019-11-02T23:45:54+00:00,4336,4742,753,4159,4683,788,26600,27672,1989,32022,32823,2817,5759988,7572862.667,2038540.395,78%,75%,49%,landing
,,,,,,,,,,,,,,,,size.mean,size.stddev,,,,
,,,,,,,,,,,,,,,,6545173.667,761966.8515,,,,
,,,,,,,,,,,,,,,,5330248.667,1451834.577,,,,
,,,,,,,,,,,,,,,,1981010,61248.76001,,,,
,,,,,,,,,,,,,,,,2564697.333,135031.2415,,,,
,,,,,,,,,,,,,,,,1414468.667,1910.648145,,,,
,,,,,,,,,,,,,,,,3143350,81998.22118,,,,
,,,,,,,,,,,,,,,,7596889.667,84322.64789,,,,
,,,,,,,,,,,,,,,,7390556.333,2472099.311,,,,
,,,,,,,,,,,,,,,,1568437.333,306.68605,,,,
,,,,,,,,,,,,,,,,2114529.333,109648.2278,,,,
,,,,,,,,,,,,,,,,3350245.667,3835.215031,,,,
,,,,,,,,,,,,,,,,3244384.333,1251785.228,,,,
,,,,,,,,,,,,,,,,2465621.333,4186.003982,,,,
,,,,,,,,,,,,,,,,2155205,124063.9681,,,,
,,,,,,,,,,,,,,,,2290760,12322.87495,,,,
,,,,,,,,,,,,,,,,8456706,159518.1124,,,,
,,,,,,,,,,,,,,,,14067270.33,1655959.996,,,,
,,,,,,,,,,,,,,,,6472626,736947.1904,,,,
,,,,,,,,,,,,,,,,2873656.333,98703.2657,,,,
,,,,,,,,,,,,,,,,2936160,42589.84954,,,,
,,,,,,,,,,,,,,,,2320095,143971.9683,,,,
,,,,,,,,,,,,,,,,4853546.667,586122.5545,,,,
,,,,,,,,,,,,,,,,8270567.333,4005681.061,,,,
,,,,,,,,,,,,,,,,2547060,2239.864058,,,,
,,,,,,,,,,,,,,,,2066171.667,75048.06764,,,,
,,,,,,,,,,,,,,,,4122588,13384.50152,,,,
,,,,,,,,,,,,,,,,3002816.333,42536.83599,,,,
,,,,,,,,,,,,,,,,2214977,220345.9598,,,,
,,,,,,,,,,,,,,,,1906092.333,12835.96519,,,,
,,,,,,,,,,,,,,,,1242251.333,47605.87432,,,,
,,,,,,,,,,,,,,,,2165552.667,113065.9698,,,,
,,,,,,,,,,,,,,,,3333102,56580.23457,,,,
,,,,,,,,,,,,,,,,3345417.667,510010.5854,,,,
,,,,,,,,,,,,,,,,3297931.667,289278.2766,,,,
,,,,,,,,,,,,,,,,7514089,1662065.268,,,,
,,,,,,,,,,,,,,,,2482523.333,17565.43621,,,,
,,,,,,,,,,,,,,,,1807244.667,987089.3481,,,,
,,,,,,,,,,,,,,,,874021.3333,93.297017,,,,
,,,,,,,,,,,,,,,,1815234.333,77206.66409,,,,
,,,,,,,,,,,,,,,,1401993.667,23605.59286,,,,
,,,,,,,,,,,,,,,,1779512.667,149836.4562,,,,
,,,,,,,,,,,,,,,,,,,,,
,,,,,,,,,,,,,,,,1922201.333,356678.3559,,,,
,,,,,,,,,,,,,,,,1057501.333,358041.3404,,,,
,,,,,,,,,,,,,,,,1806274.333,577624.1256,,,,
,,,,,,,,,,,,,,,,2921041.667,34089.71344,,,,
,,,,,,,,,,,,,,,,1441923,221275.6338,,,,
,,,,,,,,,,,,,,,,1653910.667,326335.2111,,,,
,,,,,,,,,,,,,,,,1591909.333,64984.91533,,,,
,,,,,,,,,,,,,,,,1272141.667,6804.960127,,,,
,,,,,,,,,,,,,,,,2356026,76790.3712,,,,
,,,,,,,,,,,,,,,,6264838.667,75758.43347,,,,
,,,,,,,,,,,,,,,,1646057.333,4910.912984,,,,
,,,,,,,,,,,,,,,,960477.3333,344647.6962,,,,
,,,,,,,,,,,,,,,,1927301.333,128943.2279,,,,
,,,,,,,,,,,,,,,,1915532.667,46303.35147,,,,
,,,,,,,,,,,,,,,,2464635.667,152922.2018,,,,
,,,,,,,,,,,,,,,,,,,,,
,,,,,,,,,,,,,,,,2122849,15716.72953,,,,
,,,,,,,,,,,,,,,,2255943,323293.746,,,,
,,,,,,,,,,,,,,,,3768012,128.175661,,,,
,,,,,,,,,,,,,,,,2522878,133212.5274,,,,
,,,,,,,,,,,,,,,,1846782.333,20253.5754,,,,
,,,,,,,,,,,,,,,,1772469.667,16678.08821,,,,
,,,,,,,,,,,,,,,,315684.3333,195461.646,,,,
,,,,,,,,,,,,,,,,1532997,101429.0964,,,,
,,,,,,,,,,,,,,,,2324809.667,5415.922113,,,,
,,,,,,,,,,,,,,,,1610579.333,279195.0447,,,,
,,,,,,,,,,,,,,,,1895655.333,447434.2042,,,,
,,,,,,,,,,,,,,,,2936015.333,17659.76399,,,,
,,,,,,,,,,,,,,,,19503075.67,2512258.362,,,,
,,,,,,,,,,,,,,,,9055703,1469742.4,,,,
,,,,,,,,,,,,,,,,2784347.333,126691.5526,,,,
,,,,,,,,,,,,,,,,6007507.667,778713.3425,,,,
,,,,,,,,,,,,,,,,1887511,334325.5618,,,,
,,,,,,,,,,,,,,,,5367413.667,174151.0804,,,,
,,,,,,,,,,,,,,,,8651727,40306.68033,,,,
,,,,,,,,,,,,,,,,8568444.667,443868.4894,,,,
,,,,,,,,,,,,,,,,3030949.333,8566.784772,,,,
,,,,,,,,,,,,,,,,3732400.667,94521.9317,,,,
,,,,,,,,,,,,,,,,4628422,2142.896871,,,,
,,,,,,,,,,,,,,,,12757804,2294888.063,,,,
,,,,,,,,,,,,,,,,3122995,14703.2713,,,,
,,,,,,,,,,,,,,,,4464235.333,93659.81396,,,,
,,,,,,,,,,,,,,,,5656644.667,4695446.558,,,,
,,,,,,,,,,,,,,,,14180440.67,4204112.637,,,,
,,,,,,,,,,,,,,,,26456551,6101184.761,,,,
,,,,,,,,,,,,,,,,9235294.667,101050.3702,,,,
,,,,,,,,,,,,,,,,4095479.667,79919.09312,,,,
,,,,,,,,,,,,,,,,4151272.333,396562.1283,,,,
,,,,,,,,,,,,,,,,2298631.333,381878.8242,,,,
,,,,,,,,,,,,,,,,6533887,254545.4335,,,,
,,,,,,,,,,,,,,,,14313225.33,1169883.557,,,,
,,,,,,,,,,,,,,,,2856530.333,4366.464054,,,,
,,,,,,,,,,,,,,,,2683405.333,389233.0825,,,,
,,,,,,,,,,,,,,,,4639196.667,27554.97707,,,,
,,,,,,,,,,,,,,,,2379433.667,56572.18039,,,,
,,,,,,,,,,,,,,,,2417310.333,219069.2181,,,,
,,,,,,,,,,,,,,,,2237825.333,49267.37608,,,,
,,,,,,,,,,,,,,,,5023017.667,616932.7542,,,,
,,,,,,,,,,,,,,,,2672146,107176.2089,,,,
,,,,,,,,,,,,,,,,4404821.333,543197.6045,,,,
,,,,,,,,,,,,,,,,5226283.667,253965.8501,,,,
,,,,,,,,,,,,,,,,6180890,181941.953,,,,
,,,,,,,,,,,,,,,,11653745.67,459141.7409,,,,
,,,,,,,,,,,,,,,,7001156.333,528942.7728,,,,
,,,,,,,,,,,,,,,,4895168,1226866.689,,,,
,,,,,,,,,,,,,,,,1919455.667,176455.7685,,,,
,,,,,,,,,,,,,,,,2992279.667,372094.6478,,,,
,,,,,,,,,,,,,,,,1415103,10417.47873,,,,
,,,,,,,,,,,,,,,,3192407.667,71145.42007,,,,
,,,,,,,,,,,,,,,,7518798.333,49177.06927,,,,
,,,,,,,,,,,,,,,,8088213.667,3010396.007,,,,
,,,,,,,,,,,,,,,,1561634,1731.047082,,,,
,,,,,,,,,,,,,,,,2151803,134816.6244,,,,
,,,,,,,,,,,,,,,,3347560,9378.19071,,,,
,,,,,,,,,,,,,,,,2516290,74477.15218,,,,
,,,,,,,,,,,,,,,,2454802.667,3525.943325,,,,
,,,,,,,,,,,,,,,,2102469.667,1143.031204,,,,
,,,,,,,,,,,,,,,,2296799.333,4890.07897,,,,
,,,,,,,,,,,,,,,,8495850.333,408171.28,,,,
,,,,,,,,,,,,,,,,14900377.67,86317.57113,,,,
,,,,,,,,,,,,,,,,8069987.333,1644500.914,,,,
,,,,,,,,,,,,,,,,3033820,71505.65832,,,,
,,,,,,,,,,,,,,,,2528507,346534.4664,,,,
,,,,,,,,,,,,,,,,1961183,20375.77564,,,,
,,,,,,,,,,,,,,,,4623439,274210.339,,,,
,,,,,,,,,,,,,,,,6755883.333,2245858.767,,,,
,,,,,,,,,,,,,,,,2574437.667,314.816349,,,,
,,,,,,,,,,,,,,,,1979777,814.117928,,,,
,,,,,,,,,,,,,,,,4099206,1931.509513,,,,
,,,,,,,,,,,,,,,,3054912.667,27887.17744,,,,
,,,,,,,,,,,,,,,,2181396.667,298584.973,,,,
,,,,,,,,,,,,,,,,1906289.667,7460.495046,,,,
,,,,,,,,,,,,,,,,1259217.667,70570.09732,,,,
,,,,,,,,,,,,,,,,2106054,111407.0685,,,,
,,,,,,,,,,,,,,,,3344976.667,124771.1537,,,,
,,,,,,,,,,,,,,,,3342467,374155.8045,,,,
,,,,,,,,,,,,,,,,3057197,65473.9884,,,,
,,,,,,,,,,,,,,,,6913913.333,2011920.302,,,,